text,href
2 Tone,https://aesthetics.fandom.com/wiki/2_Tone
2000s Preppy,https://aesthetics.fandom.com/wiki/2000s_Preppy
2010s Bright Kawaii,https://aesthetics.fandom.com/wiki/2010s_Bright_Kawaii
2010s Meme Maximalism,https://aesthetics.fandom.com/wiki/2010s_Meme_Maximalism
2010s Soft Kawaii,https://aesthetics.fandom.com/wiki/2010s_Soft_Kawaii
2010s Summer Nostalgia,https://aesthetics.fandom.com/wiki/2010s_Summer_Nostalgia
2014 Girly,https://aesthetics.fandom.com/wiki/2014_Girly
50s Suburbia,https://aesthetics.fandom.com/wiki/50s_Suburbia
8-Bit,https://aesthetics.fandom.com/wiki/8-Bit
80s Workout,https://aesthetics.fandom.com/wiki/80s_Workout
90s Cool,https://aesthetics.fandom.com/wiki/90s_Cool
Abstract Tech,https://aesthetics.fandom.com/wiki/Abstract_Tech
Acid Design,https://aesthetics.fandom.com/wiki/Acid_Design
Acid House,https://aesthetics.fandom.com/wiki/Acid_House
Adventurecore,https://aesthetics.fandom.com/wiki/Adventurecore
Adventure Pulp,https://aesthetics.fandom.com/wiki/Adventure_Pulp
Aespacore,https://aesthetics.fandom.com/wiki/Aespacore
Aestheticism,https://aesthetics.fandom.com/wiki/Aestheticism
Aetherpunk,https://aesthetics.fandom.com/wiki/Aetherpunk
Afrofuturism,https://aesthetics.fandom.com/wiki/Afrofuturism
Afropunk,https://aesthetics.fandom.com/wiki/Afropunk
After Hours,https://aesthetics.fandom.com/wiki/After_Hours
Agejo,https://aesthetics.fandom.com/wiki/Agejo
Ah Beng,https://aesthetics.fandom.com/wiki/Ah_Beng
Akibapop,https://aesthetics.fandom.com/wiki/Akibapop
Aliencore,https://aesthetics.fandom.com/wiki/Aliencore
Aliyahcore,https://aesthetics.fandom.com/wiki/Aliyahcore
Alternative,https://aesthetics.fandom.com/wiki/Alternative
Alt Kid,https://aesthetics.fandom.com/wiki/Alt_Kid
Amekaji,https://aesthetics.fandom.com/wiki/Amekaji
American Kitsch,https://aesthetics.fandom.com/wiki/American_Kitsch
American Pioneers,https://aesthetics.fandom.com/wiki/American_Pioneers
American Thanksgiving,https://aesthetics.fandom.com/wiki/American_Thanksgiving
Analog Horror,https://aesthetics.fandom.com/wiki/Analog_Horror
Anarcho-Punk,https://aesthetics.fandom.com/wiki/Anarcho-Punk
Ancient Egypt,https://aesthetics.fandom.com/wiki/Ancient_Egypt
Androgynous,https://aesthetics.fandom.com/wiki/Androgynous
Angelcore,https://aesthetics.fandom.com/wiki/Angelcore
Anglo Gothic,https://aesthetics.fandom.com/wiki/Anglo_Gothic
Angura,https://aesthetics.fandom.com/wiki/Angura
Animecore,https://aesthetics.fandom.com/wiki/Animecore
Antwerp Six,https://aesthetics.fandom.com/wiki/Antwerp_Six
Appalachian Gothic,https://aesthetics.fandom.com/wiki/Appalachian_Gothic
Après-ski,https://aesthetics.fandom.com/wiki/Apr%C3%A8s-ski
Arabian Nights,https://aesthetics.fandom.com/wiki/Arabian_Nights
Arcadecore,https://aesthetics.fandom.com/wiki/Arcadecore
Aristocrat,https://aesthetics.fandom.com/wiki/Aristocrat
Art Academia,https://aesthetics.fandom.com/wiki/Art_Academia
Artcore,https://aesthetics.fandom.com/wiki/Artcore
Art Deco,https://aesthetics.fandom.com/wiki/Art_Deco
Arte Povera,https://aesthetics.fandom.com/wiki/Arte_Povera
Art Hoe,https://aesthetics.fandom.com/wiki/Art_Hoe
Art Nouveau,https://aesthetics.fandom.com/wiki/Art_Nouveau
Arts and Crafts,https://aesthetics.fandom.com/wiki/Arts_and_Crafts
Art Singulier,https://aesthetics.fandom.com/wiki/Art_Singulier
Asian Baby Girl,https://aesthetics.fandom.com/wiki/Asian_Baby_Girl
Atomic Age,https://aesthetics.fandom.com/wiki/Atomic_Age
Atompunk,https://aesthetics.fandom.com/wiki/Atompunk
Auroracore,https://aesthetics.fandom.com/wiki/Auroracore
Australiana,https://aesthetics.fandom.com/wiki/Australiana
Autumn Aesthetic,https://aesthetics.fandom.com/wiki/Autumn_Aesthetic
Avant Apocalypse,https://aesthetics.fandom.com/wiki/Avant_Apocalypse
Avant Basic,https://aesthetics.fandom.com/wiki/Avant_Basic
Avantropop,https://aesthetics.fandom.com/wiki/Avantropop
Babycore,https://aesthetics.fandom.com/wiki/Babycore
Babygirl,https://aesthetics.fandom.com/wiki/Babygirl
Baddie,https://aesthetics.fandom.com/wiki/Baddie
Balearic Aesthetic,https://aesthetics.fandom.com/wiki/Balearic_Aesthetic
Ballet,https://aesthetics.fandom.com/wiki/Ballet
Balletcore,https://aesthetics.fandom.com/wiki/Balletcore
Ballroom Culture,https://aesthetics.fandom.com/wiki/Ballroom_Culture
Bankara,https://aesthetics.fandom.com/wiki/Bankara
Barber Beats,https://aesthetics.fandom.com/wiki/Barber_Beats
Barbiecore,https://aesthetics.fandom.com/wiki/Barbiecore
Bardcore,https://aesthetics.fandom.com/wiki/Bardcore
Baroque,https://aesthetics.fandom.com/wiki/Baroque
Basque Radical Rock,https://aesthetics.fandom.com/wiki/Basque_Radical_Rock
Bastardcore,https://aesthetics.fandom.com/wiki/Bastardcore
Bauhaus,https://aesthetics.fandom.com/wiki/Bauhaus
B-Boy,https://aesthetics.fandom.com/wiki/B-Boy
Beatnik,https://aesthetics.fandom.com/wiki/Beatnik
Belgian Popcorn,https://aesthetics.fandom.com/wiki/Belgian_Popcorn
Berlin Techno Fashion,https://aesthetics.fandom.com/wiki/Berlin_Techno_Fashion
Biedermeier,https://aesthetics.fandom.com/wiki/Biedermeier
Biker,https://aesthetics.fandom.com/wiki/Biker
Bills,https://aesthetics.fandom.com/wiki/Bills
Bimbocore,https://aesthetics.fandom.com/wiki/Bimbocore
Biopunk,https://aesthetics.fandom.com/wiki/Biopunk
Black Ivy,https://aesthetics.fandom.com/wiki/Black_Ivy
Black Metal,https://aesthetics.fandom.com/wiki/Black_Metal
Bloghouse,https://aesthetics.fandom.com/wiki/Bloghouse
Blokecore,https://aesthetics.fandom.com/wiki/Blokecore
Blokette,https://aesthetics.fandom.com/wiki/Blokette
Bloomcore,https://aesthetics.fandom.com/wiki/Bloomcore
Blueberry Girl,https://aesthetics.fandom.com/wiki/Blueberry_Girl
B-Movie Horror,https://aesthetics.fandom.com/wiki/B-Movie_Horror
Bodikon,https://aesthetics.fandom.com/wiki/Bodikon
Bohemian,https://aesthetics.fandom.com/wiki/Bohemian
Boho-Chic,https://aesthetics.fandom.com/wiki/Boho-Chic
Bombardier,https://aesthetics.fandom.com/wiki/Bombardier
"Bon Chic, Bon Genre","https://aesthetics.fandom.com/wiki/Bon_Chic,_Bon_Genre"
Bondage,https://aesthetics.fandom.com/wiki/Bondage
Bosozoku,https://aesthetics.fandom.com/wiki/Bosozoku
Boujee,https://aesthetics.fandom.com/wiki/Boujee
Boystyle,https://aesthetics.fandom.com/wiki/Boystyle
Brat Summer,https://aesthetics.fandom.com/wiki/Brat_Summer
Bravú,https://aesthetics.fandom.com/wiki/Brav%C3%BA
Brazilcore,https://aesthetics.fandom.com/wiki/Brazilcore
Brazilian Bombshell,https://aesthetics.fandom.com/wiki/Brazilian_Bombshell
Brazilian Carnival,https://aesthetics.fandom.com/wiki/Brazilian_Carnival
Brazilian Phonk,https://aesthetics.fandom.com/wiki/Brazilian_Phonk
Bright Tertiaries,https://aesthetics.fandom.com/wiki/Bright_Tertiaries
Britpop,https://aesthetics.fandom.com/wiki/Britpop
Bro Hoe,https://aesthetics.fandom.com/wiki/Bro_Hoe
Brutalism,https://aesthetics.fandom.com/wiki/Brutalism
Bubble Bujo,https://aesthetics.fandom.com/wiki/Bubble_Bujo
Bubbleglam,https://aesthetics.fandom.com/wiki/Bubbleglam
Bubble Goth,https://aesthetics.fandom.com/wiki/Bubble_Goth
Bubblegum Bitch,https://aesthetics.fandom.com/wiki/Bubblegum_Bitch
Bubblegum Bling,https://aesthetics.fandom.com/wiki/Bubblegum_Bling
Bubblegum Coquette,https://aesthetics.fandom.com/wiki/Bubblegum_Coquette
Bubblegum Dance,https://aesthetics.fandom.com/wiki/Bubblegum_Dance
Buchón,https://aesthetics.fandom.com/wiki/Buch%C3%B3n
Buckle Bunny,https://aesthetics.fandom.com/wiki/Buckle_Bunny
Burlesque,https://aesthetics.fandom.com/wiki/Burlesque
Business Casual,https://aesthetics.fandom.com/wiki/Business_Casual
Business Formal,https://aesthetics.fandom.com/wiki/Business_Formal
Business Professional,https://aesthetics.fandom.com/wiki/Business_Professional
Busukawaii,https://aesthetics.fandom.com/wiki/Busukawaii
Byzantine,https://aesthetics.fandom.com/wiki/Byzantine
Cabincore,https://aesthetics.fandom.com/wiki/Cabincore
Cacareco Girl,https://aesthetics.fandom.com/wiki/Cacareco_Girl
Cagole,https://aesthetics.fandom.com/wiki/Cagole
Campcore,https://aesthetics.fandom.com/wiki/Campcore
Candycore,https://aesthetics.fandom.com/wiki/Candycore
Candyland,https://aesthetics.fandom.com/wiki/Candyland
Cani,https://aesthetics.fandom.com/wiki/Cani
Cannibalcore,https://aesthetics.fandom.com/wiki/Cannibalcore
Caricaturism,https://aesthetics.fandom.com/wiki/Caricaturism
Casino,https://aesthetics.fandom.com/wiki/Casino
Cassette Futurism,https://aesthetics.fandom.com/wiki/Cassette_Futurism
Casuals,https://aesthetics.fandom.com/wiki/Casuals
Catholic Horror,https://aesthetics.fandom.com/wiki/Catholic_Horror
Catholic Kitsch,https://aesthetics.fandom.com/wiki/Catholic_Kitsch
Cayetana,https://aesthetics.fandom.com/wiki/Cayetana
Celtic Revival,https://aesthetics.fandom.com/wiki/Celtic_Revival
Changelingcore,https://aesthetics.fandom.com/wiki/Changelingcore
Chaotic Academia,https://aesthetics.fandom.com/wiki/Chaotic_Academia
Chav,https://aesthetics.fandom.com/wiki/Chav
Chernobyl Stalkers,https://aesthetics.fandom.com/wiki/Chernobyl_Stalkers
Cherry Emoji Twitter,https://aesthetics.fandom.com/wiki/Cherry_Emoji_Twitter
Chicha,https://aesthetics.fandom.com/wiki/Chicha
Chic Modernist,https://aesthetics.fandom.com/wiki/Chic_Modernist
Chinese New Year,https://aesthetics.fandom.com/wiki/Chinese_New_Year
Choco Girl,https://aesthetics.fandom.com/wiki/Choco_Girl
Cholo,https://aesthetics.fandom.com/wiki/Cholo
Choni,https://aesthetics.fandom.com/wiki/Choni
Chonga,https://aesthetics.fandom.com/wiki/Chonga
Christian Girl Autumn,https://aesthetics.fandom.com/wiki/Christian_Girl_Autumn
Christmas,https://aesthetics.fandom.com/wiki/Christmas
Chromecore,https://aesthetics.fandom.com/wiki/Chromecore
Chunyu,https://aesthetics.fandom.com/wiki/Chunyu
Cinnamon Girl,https://aesthetics.fandom.com/wiki/Cinnamon_Girl
City Pop,https://aesthetics.fandom.com/wiki/City_Pop
Classicism,https://aesthetics.fandom.com/wiki/Classicism
Classic Lolita,https://aesthetics.fandom.com/wiki/Classic_Lolita
Cleancore,https://aesthetics.fandom.com/wiki/Cleancore
Clean Girl,https://aesthetics.fandom.com/wiki/Clean_Girl
Clockpunk,https://aesthetics.fandom.com/wiki/Clockpunk
Clowncore,https://aesthetics.fandom.com/wiki/Clowncore
Club,https://aesthetics.fandom.com/wiki/Club
Club Kids,https://aesthetics.fandom.com/wiki/Club_Kids
Cluttercore,https://aesthetics.fandom.com/wiki/Cluttercore
Coastal Cowgirl,https://aesthetics.fandom.com/wiki/Coastal_Cowgirl
Coastal Grandmother,https://aesthetics.fandom.com/wiki/Coastal_Grandmother
Coastal Style,https://aesthetics.fandom.com/wiki/Coastal_Style
Cocalar,https://aesthetics.fandom.com/wiki/Cocalar
Coconut Girl,https://aesthetics.fandom.com/wiki/Coconut_Girl
Coffee House,https://aesthetics.fandom.com/wiki/Coffee_House
Colorido,https://aesthetics.fandom.com/wiki/Colorido
Communist Chic,https://aesthetics.fandom.com/wiki/Communist_Chic
Constructivism,https://aesthetics.fandom.com/wiki/Constructivism
Cool Britannia,https://aesthetics.fandom.com/wiki/Cool_Britannia
Coquette,https://aesthetics.fandom.com/wiki/Coquette
Corporate,https://aesthetics.fandom.com/wiki/Corporate
Corporate Goth,https://aesthetics.fandom.com/wiki/Corporate_Goth
Corporate Grunge,https://aesthetics.fandom.com/wiki/Corporate_Grunge
Corporate Hippie,https://aesthetics.fandom.com/wiki/Corporate_Hippie
Corporate Memphis,https://aesthetics.fandom.com/wiki/Corporate_Memphis
Costumbrismo,https://aesthetics.fandom.com/wiki/Costumbrismo
Cottagecore,https://aesthetics.fandom.com/wiki/Cottagecore
Cottagegoth,https://aesthetics.fandom.com/wiki/Cottagegoth
Country,https://aesthetics.fandom.com/wiki/Country
Cozycore,https://aesthetics.fandom.com/wiki/Cozycore
Craftcore,https://aesthetics.fandom.com/wiki/Craftcore
Crowcore,https://aesthetics.fandom.com/wiki/Crowcore
Crustpunk,https://aesthetics.fandom.com/wiki/Crustpunk
Cryptidcore,https://aesthetics.fandom.com/wiki/Cryptidcore
Cubism,https://aesthetics.fandom.com/wiki/Cubism
Cuddle Party,https://aesthetics.fandom.com/wiki/Cuddle_Party
Cult Party Kei,https://aesthetics.fandom.com/wiki/Cult_Party_Kei
Curly Girly,https://aesthetics.fandom.com/wiki/Curly_Girly
Cutecore,https://aesthetics.fandom.com/wiki/Cutecore
Cybercore,https://aesthetics.fandom.com/wiki/Cybercore
Cyberdelia,https://aesthetics.fandom.com/wiki/Cyberdelia
Cyber Doll,https://aesthetics.fandom.com/wiki/Cyber_Doll
Cyber Ghetto,https://aesthetics.fandom.com/wiki/Cyber_Ghetto
Cybergoth,https://aesthetics.fandom.com/wiki/Cybergoth
Cyber Grunge,https://aesthetics.fandom.com/wiki/Cyber_Grunge
Cyberminimalism,https://aesthetics.fandom.com/wiki/Cyberminimalism
Cyberpop,https://aesthetics.fandom.com/wiki/Cyberpop
Cyberprep,https://aesthetics.fandom.com/wiki/Cyberprep
Cyberpunk,https://aesthetics.fandom.com/wiki/Cyberpunk
Cybersigilism,https://aesthetics.fandom.com/wiki/Cybersigilism
Cyber Stylin’,https://aesthetics.fandom.com/wiki/Cyber_Stylin%E2%80%99
Cybertwee,https://aesthetics.fandom.com/wiki/Cybertwee
Czech Cubism,https://aesthetics.fandom.com/wiki/Czech_Cubism
Dadaism,https://aesthetics.fandom.com/wiki/Dadaism
Dandy,https://aesthetics.fandom.com/wiki/Dandy
Danish Golden Age,https://aesthetics.fandom.com/wiki/Danish_Golden_Age
Danish Pastel,https://aesthetics.fandom.com/wiki/Danish_Pastel
Dark Academia,https://aesthetics.fandom.com/wiki/Dark_Academia
Dark Aero,https://aesthetics.fandom.com/wiki/Dark_Aero
Dark Cabaret,https://aesthetics.fandom.com/wiki/Dark_Cabaret
Dark Fantasy,https://aesthetics.fandom.com/wiki/Dark_Fantasy
Dark Naturalism,https://aesthetics.fandom.com/wiki/Dark_Naturalism
Dark Nautical,https://aesthetics.fandom.com/wiki/Dark_Nautical
Dark Nymphet,https://aesthetics.fandom.com/wiki/Dark_Nymphet
Darksynth,https://aesthetics.fandom.com/wiki/Darksynth
Dau al Set,https://aesthetics.fandom.com/wiki/Dau_al_Set
Dead Inside,https://aesthetics.fandom.com/wiki/Dead_Inside
Deathrock,https://aesthetics.fandom.com/wiki/Deathrock
Decadence,https://aesthetics.fandom.com/wiki/Decadence
Decopunk,https://aesthetics.fandom.com/wiki/Decopunk
Decora,https://aesthetics.fandom.com/wiki/Decora
Delicate Sweet,https://aesthetics.fandom.com/wiki/Delicate_Sweet
De Stijl,https://aesthetics.fandom.com/wiki/De_Stijl
Devilcore,https://aesthetics.fandom.com/wiki/Devilcore
Dieselpunk,https://aesthetics.fandom.com/wiki/Dieselpunk
Digital Horror,https://aesthetics.fandom.com/wiki/Digital_Horror
Diner,https://aesthetics.fandom.com/wiki/Diner
Dionysism,https://aesthetics.fandom.com/wiki/Dionysism
Disco,https://aesthetics.fandom.com/wiki/Disco
Disco Polo,https://aesthetics.fandom.com/wiki/Disco_Polo
Divine Machinery,https://aesthetics.fandom.com/wiki/Divine_Machinery
Dizelaši,https://aesthetics.fandom.com/wiki/Dizela%C5%A1i
Dokukawaii,https://aesthetics.fandom.com/wiki/Dokukawaii
Dollar Store Vernacular,https://aesthetics.fandom.com/wiki/Dollar_Store_Vernacular
Dollcore,https://aesthetics.fandom.com/wiki/Dollcore
Dollette,https://aesthetics.fandom.com/wiki/Dollette
Dolly Girl,https://aesthetics.fandom.com/wiki/Dolly_Girl
Dolly Kei,https://aesthetics.fandom.com/wiki/Dolly_Kei
Doomer,https://aesthetics.fandom.com/wiki/Doomer
Dopamine Dressing,https://aesthetics.fandom.com/wiki/Dopamine_Dressing
DORFic,https://aesthetics.fandom.com/wiki/DORFic
Downtown Girl,https://aesthetics.fandom.com/wiki/Downtown_Girl
Dragoncore,https://aesthetics.fandom.com/wiki/Dragoncore
Draincore,https://aesthetics.fandom.com/wiki/Draincore
Dreamcore,https://aesthetics.fandom.com/wiki/Dreamcore
Dreampunk,https://aesthetics.fandom.com/wiki/Dreampunk
Dreamy Indie Girlhood,https://aesthetics.fandom.com/wiki/Dreamy_Indie_Girlhood
Dresiarz,https://aesthetics.fandom.com/wiki/Dresiarz
Drift Phonk,https://aesthetics.fandom.com/wiki/Drift_Phonk
Dungeonpunk,https://aesthetics.fandom.com/wiki/Dungeonpunk
Dungeon Synth,https://aesthetics.fandom.com/wiki/Dungeon_Synth
Dutch Golden Age,https://aesthetics.fandom.com/wiki/Dutch_Golden_Age
Earth Tones,https://aesthetics.fandom.com/wiki/Earth_Tones
Earthy Black Girl,https://aesthetics.fandom.com/wiki/Earthy_Black_Girl
Easter,https://aesthetics.fandom.com/wiki/Easter
E-Boy,https://aesthetics.fandom.com/wiki/E-Boy
Eclectic Grandpa,https://aesthetics.fandom.com/wiki/Eclectic_Grandpa
Edwardian,https://aesthetics.fandom.com/wiki/Edwardian
E-Girl,https://aesthetics.fandom.com/wiki/E-Girl
Electroclash,https://aesthetics.fandom.com/wiki/Electroclash
Electro-Glow,https://aesthetics.fandom.com/wiki/Electro-Glow
Electronic Body Music,https://aesthetics.fandom.com/wiki/Electronic_Body_Music
Emo,https://aesthetics.fandom.com/wiki/Emo
Emo Rap,https://aesthetics.fandom.com/wiki/Emo_Rap
Empire Style,https://aesthetics.fandom.com/wiki/Empire_Style
Equestrian,https://aesthetics.fandom.com/wiki/Equestrian
Erokawa,https://aesthetics.fandom.com/wiki/Erokawa
Eshay,https://aesthetics.fandom.com/wiki/Eshay
Ethereal,https://aesthetics.fandom.com/wiki/Ethereal
Ethno-Chic,https://aesthetics.fandom.com/wiki/Ethno-Chic
Ethnogoth,https://aesthetics.fandom.com/wiki/Ethnogoth
Euphoric,https://aesthetics.fandom.com/wiki/Euphoric
Expressionism,https://aesthetics.fandom.com/wiki/Expressionism
Factory Pomo,https://aesthetics.fandom.com/wiki/Factory_Pomo
Fairycore,https://aesthetics.fandom.com/wiki/Fairycore
Fairy Grunge,https://aesthetics.fandom.com/wiki/Fairy_Grunge
Fairy Kei,https://aesthetics.fandom.com/wiki/Fairy_Kei
Fairytale,https://aesthetics.fandom.com/wiki/Fairytale
Fallen Angel,https://aesthetics.fandom.com/wiki/Fallen_Angel
Fanfare,https://aesthetics.fandom.com/wiki/Fanfare
Fantasy,https://aesthetics.fandom.com/wiki/Fantasy
FantasY2K,https://aesthetics.fandom.com/wiki/FantasY2K
Fantasy Astronomy,https://aesthetics.fandom.com/wiki/Fantasy_Astronomy
Farmer's Daughter,https://aesthetics.fandom.com/wiki/Farmer%27s_Daughter
Fashioncore,https://aesthetics.fandom.com/wiki/Fashioncore
Fauvism,https://aesthetics.fandom.com/wiki/Fauvism
Female Horror Game Protagonist Fashion,https://aesthetics.fandom.com/wiki/Female_Horror_Game_Protagonist_Fashion
Femboy,https://aesthetics.fandom.com/wiki/Femboy
Femcel,https://aesthetics.fandom.com/wiki/Femcel_(anime_subculture)
Femme Fatale,https://aesthetics.fandom.com/wiki/Femme_Fatale
Fetish Goth,https://aesthetics.fandom.com/wiki/Fetish_Goth
Figuration Narrative,https://aesthetics.fandom.com/wiki/Figuration_Narrative
Film Noir,https://aesthetics.fandom.com/wiki/Film_Noir
Fisherman Aesthetic,https://aesthetics.fandom.com/wiki/Fisherman_Aesthetic
Flamenco,https://aesthetics.fandom.com/wiki/Flamenco
Flapper,https://aesthetics.fandom.com/wiki/Flapper
Flat Design,https://aesthetics.fandom.com/wiki/Flat_Design
Fleischer Style,https://aesthetics.fandom.com/wiki/Fleischer_Style
Flogger,https://aesthetics.fandom.com/wiki/Flogger
Fluent Design,https://aesthetics.fandom.com/wiki/Fluent_Design
Folk Punk,https://aesthetics.fandom.com/wiki/Folk_Punk
Forestpunk,https://aesthetics.fandom.com/wiki/Forestpunk
Four Colors,https://aesthetics.fandom.com/wiki/Four_Colors
Frasurbane,https://aesthetics.fandom.com/wiki/Frasurbane
Frazzled English Woman,https://aesthetics.fandom.com/wiki/Frazzled_English_Woman
French Girl,https://aesthetics.fandom.com/wiki/French_Girl
French Girly,https://aesthetics.fandom.com/wiki/French_Girly
French New Wave,https://aesthetics.fandom.com/wiki/French_New_Wave
French Provincial Style,https://aesthetics.fandom.com/wiki/French_Provincial_Style
Frogcore,https://aesthetics.fandom.com/wiki/Frogcore
Frutiger Aero,https://aesthetics.fandom.com/wiki/Frutiger_Aero
Frutiger Eco,https://aesthetics.fandom.com/wiki/Frutiger_Eco
Frutiger Metro,https://aesthetics.fandom.com/wiki/Frutiger_Metro
Funk,https://aesthetics.fandom.com/wiki/Funk
Furry,https://aesthetics.fandom.com/wiki/Furry
Future Funk,https://aesthetics.fandom.com/wiki/Future_Funk
Futurism,https://aesthetics.fandom.com/wiki/Futurism
Gabber,https://aesthetics.fandom.com/wiki/Gabber
Galaxy Print,https://aesthetics.fandom.com/wiki/Galaxy_Print
Gamer,https://aesthetics.fandom.com/wiki/Gamer
Ganguro,https://aesthetics.fandom.com/wiki/Ganguro
Garçonne,https://aesthetics.fandom.com/wiki/Gar%C3%A7onne
Gardencore,https://aesthetics.fandom.com/wiki/Gardencore
Gaucho,https://aesthetics.fandom.com/wiki/Gaucho
Geek Chic,https://aesthetics.fandom.com/wiki/Geek_Chic
Genderless Kei,https://aesthetics.fandom.com/wiki/Genderless_Kei
Gen X Soft Club,https://aesthetics.fandom.com/wiki/Gen_X_Soft_Club
Gen Z Maximalism,https://aesthetics.fandom.com/wiki/Gen_Z_Maximalism
Geo-Boho,https://aesthetics.fandom.com/wiki/Geo-Boho
Ghostcore,https://aesthetics.fandom.com/wiki/Ghostcore
Gibson Girl,https://aesthetics.fandom.com/wiki/Gibson_Girl
Girl Crush,https://aesthetics.fandom.com/wiki/Girl_Crush
Girls' Sleepover,https://aesthetics.fandom.com/wiki/Girls%27_Sleepover
Girly Kei,https://aesthetics.fandom.com/wiki/Girly_Kei
Giscardpunk,https://aesthetics.fandom.com/wiki/Giscardpunk
Glam Rock,https://aesthetics.fandom.com/wiki/Glam_Rock
Glasgow Style,https://aesthetics.fandom.com/wiki/Glasgow_Style
Glitch Art,https://aesthetics.fandom.com/wiki/Glitch_Art
Glitchbreak,https://aesthetics.fandom.com/wiki/Glitchbreak
Glitchcore,https://aesthetics.fandom.com/wiki/Glitchcore
Global Village Coffeehouse,https://aesthetics.fandom.com/wiki/Global_Village_Coffeehouse
Gloomcore,https://aesthetics.fandom.com/wiki/Gloomcore
Goblincore,https://aesthetics.fandom.com/wiki/Goblincore
Golden Age of Detective Fiction,https://aesthetics.fandom.com/wiki/Golden_Age_of_Detective_Fiction
Googie,https://aesthetics.fandom.com/wiki/Googie
Gopnik,https://aesthetics.fandom.com/wiki/Gopnik
Gorecore,https://aesthetics.fandom.com/wiki/Gorecore
Goreweb,https://aesthetics.fandom.com/wiki/Goreweb
Gorpcore,https://aesthetics.fandom.com/wiki/Gorpcore
Goth,https://aesthetics.fandom.com/wiki/Goth
Gothabilly,https://aesthetics.fandom.com/wiki/Gothabilly
Gothic,https://aesthetics.fandom.com/wiki/Gothic
Gothic Architecture,https://aesthetics.fandom.com/wiki/Gothic_Architecture
Gothic Lolita,https://aesthetics.fandom.com/wiki/Gothic_Lolita
Goth Punk,https://aesthetics.fandom.com/wiki/Goth_Punk
Grandmillenial,https://aesthetics.fandom.com/wiki/Grandmillenial
Grandparentcore,https://aesthetics.fandom.com/wiki/Grandparentcore
Granola,https://aesthetics.fandom.com/wiki/Granola
Greaser,https://aesthetics.fandom.com/wiki/Greaser
Green Academia,https://aesthetics.fandom.com/wiki/Green_Academia
Grime Art,https://aesthetics.fandom.com/wiki/Grime_Art
Grindhouse,https://aesthetics.fandom.com/wiki/Grindhouse
Grocery Girl Fall,https://aesthetics.fandom.com/wiki/Grocery_Girl_Fall
Groovival,https://aesthetics.fandom.com/wiki/Groovival
Grunge,https://aesthetics.fandom.com/wiki/Grunge
Guido,https://aesthetics.fandom.com/wiki/Guido
Guochao,https://aesthetics.fandom.com/wiki/Guochao
Gurokawa,https://aesthetics.fandom.com/wiki/Gurokawa
Gustavian,https://aesthetics.fandom.com/wiki/Gustavian
Gyaru,https://aesthetics.fandom.com/wiki/Gyaru
Gyaruo,https://aesthetics.fandom.com/wiki/Gyaruo
Hacker Chic,https://aesthetics.fandom.com/wiki/Hacker_Chic
Hair Metal,https://aesthetics.fandom.com/wiki/Hair_Metal
Halbstarke,https://aesthetics.fandom.com/wiki/Halbstarke
Halloween,https://aesthetics.fandom.com/wiki/Halloween
Hallyu,https://aesthetics.fandom.com/wiki/Hallyu
Harajuku Fashion,https://aesthetics.fandom.com/wiki/Harajuku_Fashion
Hauntology,https://aesthetics.fandom.com/wiki/Hauntology
Haussmann Paris,https://aesthetics.fandom.com/wiki/Haussmann_Paris
Health Goth,https://aesthetics.fandom.com/wiki/Health_Goth
Hedi Boy,https://aesthetics.fandom.com/wiki/Hedi_Boy
Heisei Retro,https://aesthetics.fandom.com/wiki/Heisei_Retro
Heistcore,https://aesthetics.fandom.com/wiki/Heistcore
Hellenic,https://aesthetics.fandom.com/wiki/Hellenic
Heroic Realism,https://aesthetics.fandom.com/wiki/Heroic_Realism
Heroin Chic,https://aesthetics.fandom.com/wiki/Heroin_Chic
Hexatron,https://aesthetics.fandom.com/wiki/Hexatron
HexD,https://aesthetics.fandom.com/wiki/HexD
High School Dream,https://aesthetics.fandom.com/wiki/High_School_Dream
Hime Gyaru,https://aesthetics.fandom.com/wiki/Hime_Gyaru
Himekaji,https://aesthetics.fandom.com/wiki/Himekaji
Hime Lolita,https://aesthetics.fandom.com/wiki/Hime_Lolita
Hip-Hop,https://aesthetics.fandom.com/wiki/Hip-Hop
Hipness Purgatory,https://aesthetics.fandom.com/wiki/Hipness_Purgatory
Hippie,https://aesthetics.fandom.com/wiki/Hippie
Hipster,https://aesthetics.fandom.com/wiki/Hipster
Hollywood Regency,https://aesthetics.fandom.com/wiki/Hollywood_Regency
Holosexual,https://aesthetics.fandom.com/wiki/Holosexual
Horror,https://aesthetics.fandom.com/wiki/Horror
Horror Punk,https://aesthetics.fandom.com/wiki/Horror_Punk
Hot Rod,https://aesthetics.fandom.com/wiki/Hot_Rod
Hygge,https://aesthetics.fandom.com/wiki/Hygge
Hypebeast,https://aesthetics.fandom.com/wiki/Hypebeast
Hyperborean,https://aesthetics.fandom.com/wiki/Hyperborean
Icepunk,https://aesthetics.fandom.com/wiki/Icepunk
Impressionism,https://aesthetics.fandom.com/wiki/Impressionism
Incroyables and Merveilleuses,https://aesthetics.fandom.com/wiki/Incroyables_and_Merveilleuses
Indie,https://aesthetics.fandom.com/wiki/Indie
Indiecraft,https://aesthetics.fandom.com/wiki/Indiecraft
Indie Kid,https://aesthetics.fandom.com/wiki/Indie_Kid
Indie Sleaze,https://aesthetics.fandom.com/wiki/Indie_Sleaze
Indigenous Futurisms,https://aesthetics.fandom.com/wiki/Indigenous_Futurisms
Industrial,https://aesthetics.fandom.com/wiki/Industrial_(Subculture)
Industrial Decay,https://aesthetics.fandom.com/wiki/Industrial_Decay
International Typographic Style,https://aesthetics.fandom.com/wiki/International_Typographic_Style
Internet Awesomesauce,https://aesthetics.fandom.com/wiki/Internet_Awesomesauce
Ita,https://aesthetics.fandom.com/wiki/Ita
Italian Renaissance,https://aesthetics.fandom.com/wiki/Italian_Renaissance
Italo Disco,https://aesthetics.fandom.com/wiki/Italo_Disco
Japandi,https://aesthetics.fandom.com/wiki/Japandi
Japanese Ivy Style,https://aesthetics.fandom.com/wiki/Japanese_Ivy_Style
Japonisme,https://aesthetics.fandom.com/wiki/Japonisme
Jejemon,https://aesthetics.fandom.com/wiki/Jejemon
Jersey Maid,https://aesthetics.fandom.com/wiki/Jersey_Maid
Jirai Kei,https://aesthetics.fandom.com/wiki/Jirai_Kei
Jock,https://aesthetics.fandom.com/wiki/Jock
Juggalo,https://aesthetics.fandom.com/wiki/Juggalo
Juminocore,https://aesthetics.fandom.com/wiki/Juminocore
Junkpunk,https://aesthetics.fandom.com/wiki/Junkpunk
Kandi Raver,https://aesthetics.fandom.com/wiki/Kandi_Raver
Karasu Zoku,https://aesthetics.fandom.com/wiki/Karasu_Zoku
Kawaii,https://aesthetics.fandom.com/wiki/Kawaii
Kawaii Gamer,https://aesthetics.fandom.com/wiki/Kawaii_Gamer
Kawaii Metal,https://aesthetics.fandom.com/wiki/Kawaii_Metal
Kidcore,https://aesthetics.fandom.com/wiki/Kidcore
Kinderwhore,https://aesthetics.fandom.com/wiki/Kinderwhore
Kingcore,https://aesthetics.fandom.com/wiki/Kingcore
Kissaten,https://aesthetics.fandom.com/wiki/Kissaten
Kitsch Las Vegas,https://aesthetics.fandom.com/wiki/Kitsch_Las_Vegas
Kiwiana,https://aesthetics.fandom.com/wiki/Kiwiana
Knightcore,https://aesthetics.fandom.com/wiki/Knightcore
Kogal,https://aesthetics.fandom.com/wiki/Kogal
Korean Cozy Beige,https://aesthetics.fandom.com/wiki/Korean_Cozy_Beige
Krocha,https://aesthetics.fandom.com/wiki/Krocha
Krushclub,https://aesthetics.fandom.com/wiki/Krushclub
Kuromicore,https://aesthetics.fandom.com/wiki/Kuromicore
Labcore,https://aesthetics.fandom.com/wiki/Labcore
Lad Culture,https://aesthetics.fandom.com/wiki/Lad_Culture
Larme Kei,https://aesthetics.fandom.com/wiki/Larme_Kei
La Sape,https://aesthetics.fandom.com/wiki/La_Sape
Laser Grid,https://aesthetics.fandom.com/wiki/Laser_Grid
Light Academia,https://aesthetics.fandom.com/wiki/Light_Academia
Ligne Claire,https://aesthetics.fandom.com/wiki/Ligne_Claire
Liminal Space,https://aesthetics.fandom.com/wiki/Liminal_Space
Live Laugh Love,https://aesthetics.fandom.com/wiki/Live_Laugh_Love
Living Doll,https://aesthetics.fandom.com/wiki/Living_Doll
Lobotomy Chic,https://aesthetics.fandom.com/wiki/Lobotomy_Chic
Lo-fi Art,https://aesthetics.fandom.com/wiki/Lo-fi_Art
LOLcore,https://aesthetics.fandom.com/wiki/LOLcore
Lolicore,https://aesthetics.fandom.com/wiki/Lolicore
Lolita,https://aesthetics.fandom.com/wiki/Lolita
Lovecore,https://aesthetics.fandom.com/wiki/Lovecore
Lowbrow,https://aesthetics.fandom.com/wiki/Lowbrow
Low Poly,https://aesthetics.fandom.com/wiki/Low_Poly
Lulicore,https://aesthetics.fandom.com/wiki/Lulicore
Lumberjack,https://aesthetics.fandom.com/wiki/Lumberjack
Lunarpunk,https://aesthetics.fandom.com/wiki/Lunarpunk
Madchester,https://aesthetics.fandom.com/wiki/Madchester
Mad Scientist,https://aesthetics.fandom.com/wiki/Mad_Scientist
Mafia Aesthetic,https://aesthetics.fandom.com/wiki/Mafia_Aesthetic
Magical Girl,https://aesthetics.fandom.com/wiki/Magical_Girl
Magician,https://aesthetics.fandom.com/wiki/Magician
Maid,https://aesthetics.fandom.com/wiki/Maid
Maidcore,https://aesthetics.fandom.com/wiki/Maidcore
Maillard Style,https://aesthetics.fandom.com/wiki/Maillard_Style
Majismo,https://aesthetics.fandom.com/wiki/Majismo
Mallgoth,https://aesthetics.fandom.com/wiki/Mallgoth
Mall Ninja,https://aesthetics.fandom.com/wiki/Mall_Ninja
Mallsoft,https://aesthetics.fandom.com/wiki/Mallsoft
Manba,https://aesthetics.fandom.com/wiki/Manba
Mandrake,https://aesthetics.fandom.com/wiki/Mandrake
Manguebeat,https://aesthetics.fandom.com/wiki/Manguebeat
Manueline,https://aesthetics.fandom.com/wiki/Manueline
Marshmallow Girl,https://aesthetics.fandom.com/wiki/Marshmallow_Girl
Martial Industrial,https://aesthetics.fandom.com/wiki/Martial_Industrial
Maximalism,https://aesthetics.fandom.com/wiki/Maximalism
McBling,https://aesthetics.fandom.com/wiki/McBling
MDLR,https://aesthetics.fandom.com/wiki/MDLR
Meatcore,https://aesthetics.fandom.com/wiki/Meatcore
Mecha,https://aesthetics.fandom.com/wiki/Mecha
Medicalcore,https://aesthetics.fandom.com/wiki/Medicalcore
Medieval,https://aesthetics.fandom.com/wiki/Medieval
Medievalcore,https://aesthetics.fandom.com/wiki/Medievalcore
Medieval Fantasy,https://aesthetics.fandom.com/wiki/Medieval_Fantasy
Med-Tech Visions,https://aesthetics.fandom.com/wiki/Med-Tech_Visions
Melodycore,https://aesthetics.fandom.com/wiki/Melodycore
Meme Rap,https://aesthetics.fandom.com/wiki/Meme_Rap
Memphis Design,https://aesthetics.fandom.com/wiki/Memphis_Design
Memphis Lite,https://aesthetics.fandom.com/wiki/Memphis_Lite
Mermaidcore,https://aesthetics.fandom.com/wiki/Mermaidcore
Messy French Girl,https://aesthetics.fandom.com/wiki/Messy_French_Girl
Metal,https://aesthetics.fandom.com/wiki/Metal
Metalheart,https://aesthetics.fandom.com/wiki/Metalheart
Metrosexual,https://aesthetics.fandom.com/wiki/Metrosexual
Mexican Muralism,https://aesthetics.fandom.com/wiki/Mexican_Muralism
Mid-Century Modern,https://aesthetics.fandom.com/wiki/Mid-Century_Modern
Midwest Emo,https://aesthetics.fandom.com/wiki/Midwest_Emo
Midwest Gothic,https://aesthetics.fandom.com/wiki/Midwest_Gothic
Milipili,https://aesthetics.fandom.com/wiki/Milipili
Military Chic,https://aesthetics.fandom.com/wiki/Military_Chic
Military Lolita,https://aesthetics.fandom.com/wiki/Military_Lolita
Minet,https://aesthetics.fandom.com/wiki/Minet
Minimalism,https://aesthetics.fandom.com/wiki/Minimalism
Minimal Wave,https://aesthetics.fandom.com/wiki/Minimal_Wave
Mizuiro,https://aesthetics.fandom.com/wiki/Mizuiro
Mob Wife,https://aesthetics.fandom.com/wiki/Mob_Wife
Mod,https://aesthetics.fandom.com/wiki/Mod
Modernisme,https://aesthetics.fandom.com/wiki/Modernisme
Mod Revival,https://aesthetics.fandom.com/wiki/Mod_Revival
Monochrome Luxe,https://aesthetics.fandom.com/wiki/Monochrome_Luxe
Mori Kei,https://aesthetics.fandom.com/wiki/Mori_Kei
Morute,https://aesthetics.fandom.com/wiki/Morute
Mosscore,https://aesthetics.fandom.com/wiki/Mosscore
Mote Kei,https://aesthetics.fandom.com/wiki/Mote_Kei
Motomami,https://aesthetics.fandom.com/wiki/Motomami
Movida Madrileña,https://aesthetics.fandom.com/wiki/Movida_Madrile%C3%B1a
Mudéjar,https://aesthetics.fandom.com/wiki/Mud%C3%A9jar
Mushroomcore,https://aesthetics.fandom.com/wiki/Mushroomcore
Mythpunk,https://aesthetics.fandom.com/wiki/Mythpunk
Naarmcore,https://aesthetics.fandom.com/wiki/Naarmcore
Nanchatte Seifuku,https://aesthetics.fandom.com/wiki/Nanchatte_Seifuku
Naturecore,https://aesthetics.fandom.com/wiki/Naturecore
Nautical,https://aesthetics.fandom.com/wiki/Nautical
Nautical Fantasy,https://aesthetics.fandom.com/wiki/Nautical_Fantasy
Nazi Chic,https://aesthetics.fandom.com/wiki/Nazi_Chic
Neko,https://aesthetics.fandom.com/wiki/Neko
Neo-Aero,https://aesthetics.fandom.com/wiki/Neo-Aero
Neo-Chinese Style,https://aesthetics.fandom.com/wiki/Neo-Chinese_Style
Neoclassicism,https://aesthetics.fandom.com/wiki/Neoclassicism
Neofolk,https://aesthetics.fandom.com/wiki/Neofolk
Neon Noir,https://aesthetics.fandom.com/wiki/Neon_Noir
Neoperreo,https://aesthetics.fandom.com/wiki/Neoperreo
Neo-Pop,https://aesthetics.fandom.com/wiki/Neo-Pop
Neo-Tokyo,https://aesthetics.fandom.com/wiki/Neo-Tokyo
Neo-Vectorheart,https://aesthetics.fandom.com/wiki/Neo-Vectorheart
Neo-Y2K,https://aesthetics.fandom.com/wiki/Neo-Y2K
Nerd,https://aesthetics.fandom.com/wiki/Nerd
Nerdcore,https://aesthetics.fandom.com/wiki/Nerdcore
Net.art,https://aesthetics.fandom.com/wiki/Net.art
Neubrutalism,https://aesthetics.fandom.com/wiki/Neubrutalism
Neue Slowenische Kunst,https://aesthetics.fandom.com/wiki/Neue_Slowenische_Kunst
New Beat,https://aesthetics.fandom.com/wiki/New_Beat
New England Gothic,https://aesthetics.fandom.com/wiki/New_England_Gothic
New Figuration,https://aesthetics.fandom.com/wiki/New_Figuration
New Look,https://aesthetics.fandom.com/wiki/New_Look
Newlyn School,https://aesthetics.fandom.com/wiki/Newlyn_School
New Money,https://aesthetics.fandom.com/wiki/New_Money
New Partisans,https://aesthetics.fandom.com/wiki/New_Partisans
New Primitivism,https://aesthetics.fandom.com/wiki/New_Primitivism
New Rave,https://aesthetics.fandom.com/wiki/New_Rave
New Romantic,https://aesthetics.fandom.com/wiki/New_Romantic
New Wave,https://aesthetics.fandom.com/wiki/New_Wave
Nightcore (aesthetic),https://aesthetics.fandom.com/wiki/Nightcore_(aesthetic)
Normcore,https://aesthetics.fandom.com/wiki/Normcore
Northerness,https://aesthetics.fandom.com/wiki/Northerness
Northern Soul,https://aesthetics.fandom.com/wiki/Northern_Soul
Nostalgiacore,https://aesthetics.fandom.com/wiki/Nostalgiacore
Noucentisme,https://aesthetics.fandom.com/wiki/Noucentisme
Nouveau Réalisme,https://aesthetics.fandom.com/wiki/Nouveau_R%C3%A9alisme
Nuclear,https://aesthetics.fandom.com/wiki/Nuclear
Nu-Goth,https://aesthetics.fandom.com/wiki/Nu-Goth
Nu-Metal,https://aesthetics.fandom.com/wiki/Nu-Metal
Nu-Punk,https://aesthetics.fandom.com/wiki/Nu-Punk
Nymphet,https://aesthetics.fandom.com/wiki/Nymphet
Ocean Grunge,https://aesthetics.fandom.com/wiki/Ocean_Grunge
Oceanpunk,https://aesthetics.fandom.com/wiki/Oceanpunk
Office Siren,https://aesthetics.fandom.com/wiki/Office_Siren
Oktoberfest,https://aesthetics.fandom.com/wiki/Oktoberfest
Olderbrothercore,https://aesthetics.fandom.com/wiki/Olderbrothercore
Old Hollywood,https://aesthetics.fandom.com/wiki/Old_Hollywood
Old Money,https://aesthetics.fandom.com/wiki/Old_Money
Old Web,https://aesthetics.fandom.com/wiki/Old_Web
Onii Kei,https://aesthetics.fandom.com/wiki/Onii_Kei
Op Art,https://aesthetics.fandom.com/wiki/Op_Art
Opium,https://aesthetics.fandom.com/wiki/Opium
Oshare Kei,https://aesthetics.fandom.com/wiki/Oshare_Kei
Oshi Culture,https://aesthetics.fandom.com/wiki/Oshi_Culture
Ostalgie,https://aesthetics.fandom.com/wiki/Ostalgie
Otaku,https://aesthetics.fandom.com/wiki/Otaku
Over-Accessorized Cosplay,https://aesthetics.fandom.com/wiki/Over-Accessorized_Cosplay
Pachuco,https://aesthetics.fandom.com/wiki/Pachuco
Palewave,https://aesthetics.fandom.com/wiki/Palewave
Paninaro,https://aesthetics.fandom.com/wiki/Paninaro
Parisian Apaches,https://aesthetics.fandom.com/wiki/Parisian_Apaches
Parisian Girly,https://aesthetics.fandom.com/wiki/Parisian_Girly
Pastel Gore,https://aesthetics.fandom.com/wiki/Pastel_Gore
Pastel Goth,https://aesthetics.fandom.com/wiki/Pastel_Goth
Pastel Punk,https://aesthetics.fandom.com/wiki/Pastel_Punk
Paty de SP,https://aesthetics.fandom.com/wiki/Paty_de_SP
PC Music,https://aesthetics.fandom.com/wiki/PC_Music
PC-98,https://aesthetics.fandom.com/wiki/PC-98
Peach Girl,https://aesthetics.fandom.com/wiki/Peach_Girl
Peacock Revolution,https://aesthetics.fandom.com/wiki/Peacock_Revolution
Pearlcore,https://aesthetics.fandom.com/wiki/Pearlcore
PEEPS,https://aesthetics.fandom.com/wiki/PEEPS
Peoplehood,https://aesthetics.fandom.com/wiki/Peoplehood
Perky Goth,https://aesthetics.fandom.com/wiki/Perky_Goth
Photorealism,https://aesthetics.fandom.com/wiki/Photorealism
Picniccore,https://aesthetics.fandom.com/wiki/Picniccore
Pijo,https://aesthetics.fandom.com/wiki/Pijo
Pink Parisian,https://aesthetics.fandom.com/wiki/Pink_Parisian
Pink Pilates Princess,https://aesthetics.fandom.com/wiki/Pink_Pilates_Princess
Pink Princess,https://aesthetics.fandom.com/wiki/Pink_Princess
Pin-up,https://aesthetics.fandom.com/wiki/Pin-up
Pirate,https://aesthetics.fandom.com/wiki/Pirate
Pițipoancă,https://aesthetics.fandom.com/wiki/Pi%C8%9Bipoanc%C4%83
Pixelscape,https://aesthetics.fandom.com/wiki/Pixelscape
Pixel UI,https://aesthetics.fandom.com/wiki/Pixel_UI
Plaguecore,https://aesthetics.fandom.com/wiki/Plaguecore
Plakatstil,https://aesthetics.fandom.com/wiki/Plakatstil
Plant Mom,https://aesthetics.fandom.com/wiki/Plant_Mom
Playboy,https://aesthetics.fandom.com/wiki/Playboy
Plazacore,https://aesthetics.fandom.com/wiki/Plazacore
Pokemón,https://aesthetics.fandom.com/wiki/Pokem%C3%B3n
Political 'Wave' Aesthetics,https://aesthetics.fandom.com/wiki/Political_%27Wave%27_Aesthetics
Pont-Aven School,https://aesthetics.fandom.com/wiki/Pont-Aven_School
Poolcore,https://aesthetics.fandom.com/wiki/Poolcore
Pop Art,https://aesthetics.fandom.com/wiki/Pop_Art
Pop Kei,https://aesthetics.fandom.com/wiki/Pop_Kei
Poppare,https://aesthetics.fandom.com/wiki/Poppare
Poppers,https://aesthetics.fandom.com/wiki/Poppers_(German_subculture)
Positivity Kawaii,https://aesthetics.fandom.com/wiki/Positivity_Kawaii
Post-Apocalyptic,https://aesthetics.fandom.com/wiki/Post-Apocalyptic
Poster Gal,https://aesthetics.fandom.com/wiki/Poster_Gal
Post-Grunge Maximalism,https://aesthetics.fandom.com/wiki/Post-Grunge_Maximalism
Post-Impressionism,https://aesthetics.fandom.com/wiki/Post-Impressionism
Post-Punk,https://aesthetics.fandom.com/wiki/Post-Punk
Power Dressing,https://aesthetics.fandom.com/wiki/Power_Dressing
Prairiecore,https://aesthetics.fandom.com/wiki/Prairiecore
Preacher's Daughter,https://aesthetics.fandom.com/wiki/Preacher%27s_Daughter
Precisionism,https://aesthetics.fandom.com/wiki/Precisionism
Preppy,https://aesthetics.fandom.com/wiki/Preppy
Pre-Raphaelite,https://aesthetics.fandom.com/wiki/Pre-Raphaelite
Pridecore,https://aesthetics.fandom.com/wiki/Pridecore
Princecore,https://aesthetics.fandom.com/wiki/Princecore
Princesscore,https://aesthetics.fandom.com/wiki/Princesscore
Psychedelia,https://aesthetics.fandom.com/wiki/Psychedelia
Psychobilly,https://aesthetics.fandom.com/wiki/Psychobilly
Punk,https://aesthetics.fandom.com/wiki/Punk
Puppycore,https://aesthetics.fandom.com/wiki/Puppycore
Puppygirl,https://aesthetics.fandom.com/wiki/Puppygirl
Purism,https://aesthetics.fandom.com/wiki/Purism
Quality Tumblr,https://aesthetics.fandom.com/wiki/Quality_Tumblr
Queencore,https://aesthetics.fandom.com/wiki/Queencore
Queercore,https://aesthetics.fandom.com/wiki/Queercore
Racaille,https://aesthetics.fandom.com/wiki/Racaille
Racing,https://aesthetics.fandom.com/wiki/Racing
Radical Design,https://aesthetics.fandom.com/wiki/Radical_Design
Raggare,https://aesthetics.fandom.com/wiki/Raggare
Rave,https://aesthetics.fandom.com/wiki/Rave
Raw Industrial,https://aesthetics.fandom.com/wiki/Raw_Industrial
Raxet,https://aesthetics.fandom.com/wiki/Raxet
Raygun Gothic,https://aesthetics.fandom.com/wiki/Raygun_Gothic
Realism,https://aesthetics.fandom.com/wiki/Realism
Recession Pop,https://aesthetics.fandom.com/wiki/Recession_Pop
Regency,https://aesthetics.fandom.com/wiki/Regency
Regional Gothic,https://aesthetics.fandom.com/wiki/Regional_Gothic
Renovador Movement,https://aesthetics.fandom.com/wiki/Renovador_Movement
Retrofuturism,https://aesthetics.fandom.com/wiki/Retrofuturism
RGB Gamer,https://aesthetics.fandom.com/wiki/RGB_Gamer
Riot Grrrl,https://aesthetics.fandom.com/wiki/Riot_Grrrl
Rivethead,https://aesthetics.fandom.com/wiki/Rivethead
Roaring Twenties,https://aesthetics.fandom.com/wiki/Roaring_Twenties
Robotcore,https://aesthetics.fandom.com/wiki/Robotcore
Rockabilly,https://aesthetics.fandom.com/wiki/Rockabilly
Rockers,https://aesthetics.fandom.com/wiki/Rockers
Rocketpunk,https://aesthetics.fandom.com/wiki/Rocketpunk
Rockstar GF,https://aesthetics.fandom.com/wiki/Rockstar_GF
Rococo,https://aesthetics.fandom.com/wiki/Rococo
Rococopunk,https://aesthetics.fandom.com/wiki/Rococopunk
Romanesque,https://aesthetics.fandom.com/wiki/Romanesque
Romantic Academia,https://aesthetics.fandom.com/wiki/Romantic_Academia
Romantic Chinese Village,https://aesthetics.fandom.com/wiki/Romantic_Chinese_Village
Romantic Goth,https://aesthetics.fandom.com/wiki/Romantic_Goth
Romanticism,https://aesthetics.fandom.com/wiki/Romanticism
Romantic Italian,https://aesthetics.fandom.com/wiki/Romantic_Italian
Route 66,https://aesthetics.fandom.com/wiki/Route_66
Royalcore,https://aesthetics.fandom.com/wiki/Royalcore
Rude Boy,https://aesthetics.fandom.com/wiki/Rude_Boy
Rustic,https://aesthetics.fandom.com/wiki/Rustic
Ruta Destroy,https://aesthetics.fandom.com/wiki/Ruta_Destroy
Sad Beige,https://aesthetics.fandom.com/wiki/Sad_Beige
Sadboi,https://aesthetics.fandom.com/wiki/Sadboi
Sadgirl,https://aesthetics.fandom.com/wiki/Sadgirl
Safari Chic,https://aesthetics.fandom.com/wiki/Safari_Chic
Salon Kei,https://aesthetics.fandom.com/wiki/Salon_Kei
Sandalpunk,https://aesthetics.fandom.com/wiki/Sandalpunk
Sanriocore,https://aesthetics.fandom.com/wiki/Sanriocore
Scandi Girl Winter,https://aesthetics.fandom.com/wiki/Scandi_Girl_Winter
Scandinavian Design,https://aesthetics.fandom.com/wiki/Scandinavian_Design
Scene,https://aesthetics.fandom.com/wiki/Scene
Scenecore,https://aesthetics.fandom.com/wiki/Scenecore
Scene Tween,https://aesthetics.fandom.com/wiki/Scene_Tween
Seapunk,https://aesthetics.fandom.com/wiki/Seapunk
Seiz Breur,https://aesthetics.fandom.com/wiki/Seiz_Breur
Sextrance,https://aesthetics.fandom.com/wiki/Sextrance
Shabby Chic,https://aesthetics.fandom.com/wiki/Shabby_Chic
Shamate,https://aesthetics.fandom.com/wiki/Shamate
Sharpies,https://aesthetics.fandom.com/wiki/Sharpies
Shibuya-Kei,https://aesthetics.fandom.com/wiki/Shibuya-Kei
Shibuya Punk,https://aesthetics.fandom.com/wiki/Shibuya_Punk
Shoe Diva,https://aesthetics.fandom.com/wiki/Shoe_Diva
Sigilkore,https://aesthetics.fandom.com/wiki/Sigilkore
Signalism,https://aesthetics.fandom.com/wiki/Signalism
Signalwave,https://aesthetics.fandom.com/wiki/Signalwave
Silicon Dreams,https://aesthetics.fandom.com/wiki/Silicon_Dreams
Silkpunk,https://aesthetics.fandom.com/wiki/Silkpunk
Silver Age Comics,https://aesthetics.fandom.com/wiki/Silver_Age_Comics
Simpsonwave,https://aesthetics.fandom.com/wiki/Simpsonwave
Sizz,https://aesthetics.fandom.com/wiki/Sizz
Skater,https://aesthetics.fandom.com/wiki/Skater
Skeuomorphism,https://aesthetics.fandom.com/wiki/Skeuomorphism
Skhothane,https://aesthetics.fandom.com/wiki/Skhothane
Skinhead,https://aesthetics.fandom.com/wiki/Skinhead
Slavic Doll,https://aesthetics.fandom.com/wiki/Slavic_Doll
Slavic Violence Tumblr,https://aesthetics.fandom.com/wiki/Slavic_Violence_Tumblr
Slimepunk,https://aesthetics.fandom.com/wiki/Slimepunk
Sloanie,https://aesthetics.fandom.com/wiki/Sloanie
Slutcore,https://aesthetics.fandom.com/wiki/Slutcore
Snackwave,https://aesthetics.fandom.com/wiki/Snackwave
Socialist Realism,https://aesthetics.fandom.com/wiki/Socialist_Realism
Social Realism,https://aesthetics.fandom.com/wiki/Social_Realism
Soft Apocalypse,https://aesthetics.fandom.com/wiki/Soft_Apocalypse
Soft Boy,https://aesthetics.fandom.com/wiki/Soft_Boy
Soft Colonial Wanderlust,https://aesthetics.fandom.com/wiki/Soft_Colonial_Wanderlust
Soft Countriana,https://aesthetics.fandom.com/wiki/Soft_Countriana
Soft Girl,https://aesthetics.fandom.com/wiki/Soft_Girl
Soft Grunge,https://aesthetics.fandom.com/wiki/Soft_Grunge
Solarpunk,https://aesthetics.fandom.com/wiki/Solarpunk
Sots Art,https://aesthetics.fandom.com/wiki/Sots_Art
Southern Belle,https://aesthetics.fandom.com/wiki/Southern_Belle
Southern French Gothic,https://aesthetics.fandom.com/wiki/Southern_French_Gothic
Southern Gothic,https://aesthetics.fandom.com/wiki/Southern_Gothic
Soviet Nostalgia,https://aesthetics.fandom.com/wiki/Soviet_Nostalgia
Sovietwave,https://aesthetics.fandom.com/wiki/Sovietwave
Space Age,https://aesthetics.fandom.com/wiki/Space_Age
Spacecore,https://aesthetics.fandom.com/wiki/Spacecore
Space Cowgirl,https://aesthetics.fandom.com/wiki/Space_Cowgirl
Space Western,https://aesthetics.fandom.com/wiki/Space_Western
Spainwave,https://aesthetics.fandom.com/wiki/Spainwave
Spanish Golden Age,https://aesthetics.fandom.com/wiki/Spanish_Golden_Age
Sprezzatura,https://aesthetics.fandom.com/wiki/Sprezzatura
Spring Aesthetic,https://aesthetics.fandom.com/wiki/Spring_Aesthetic
Spy Fiction,https://aesthetics.fandom.com/wiki/Spy_Fiction
Stargirl,https://aesthetics.fandom.com/wiki/Stargirl
Starrflesh,https://aesthetics.fandom.com/wiki/Starrflesh
Steampunk,https://aesthetics.fandom.com/wiki/Steampunk
Stilyagi,https://aesthetics.fandom.com/wiki/Stilyagi
St Ives School,https://aesthetics.fandom.com/wiki/St_Ives_School
Stonepunk,https://aesthetics.fandom.com/wiki/Stonepunk
Straight Edge,https://aesthetics.fandom.com/wiki/Straight_Edge
Streamline Moderne,https://aesthetics.fandom.com/wiki/Streamline_Moderne
Strega,https://aesthetics.fandom.com/wiki/Strega
Studyblr,https://aesthetics.fandom.com/wiki/Studyblr
Suburban Gothic,https://aesthetics.fandom.com/wiki/Suburban_Gothic
Succubus Chic,https://aesthetics.fandom.com/wiki/Succubus_Chic
Sukeban,https://aesthetics.fandom.com/wiki/Sukeban
Summer Aesthetic,https://aesthetics.fandom.com/wiki/Summer_Aesthetic
Summer Matsuri,https://aesthetics.fandom.com/wiki/Summer_Matsuri
Sunshine Pop,https://aesthetics.fandom.com/wiki/Sunshine_Pop
Superflat,https://aesthetics.fandom.com/wiki/Superflat
Superflat Pop,https://aesthetics.fandom.com/wiki/Superflat_Pop
Supergraphic Ultramodern,https://aesthetics.fandom.com/wiki/Supergraphic_Ultramodern
Suprematism,https://aesthetics.fandom.com/wiki/Suprematism
Surf Crush,https://aesthetics.fandom.com/wiki/Surf_Crush
Surfer,https://aesthetics.fandom.com/wiki/Surfer
Surrealism,https://aesthetics.fandom.com/wiki/Surrealism
Swag,https://aesthetics.fandom.com/wiki/Swag
Sweet Lolita,https://aesthetics.fandom.com/wiki/Sweet_Lolita
Swenkas,https://aesthetics.fandom.com/wiki/Swenkas
Swingjugend,https://aesthetics.fandom.com/wiki/Swingjugend
Symbolism,https://aesthetics.fandom.com/wiki/Symbolism
Synthwave,https://aesthetics.fandom.com/wiki/Synthwave
Tacticool,https://aesthetics.fandom.com/wiki/Tacticool
Taisho Roman,https://aesthetics.fandom.com/wiki/Taisho_Roman
Takenokozoku,https://aesthetics.fandom.com/wiki/Takenokozoku
Talahon,https://aesthetics.fandom.com/wiki/Talahon
Tanbi Kei,https://aesthetics.fandom.com/wiki/Tanbi_Kei
Tango,https://aesthetics.fandom.com/wiki/Tango
Taqwacore,https://aesthetics.fandom.com/wiki/Taqwacore
Technozen,https://aesthetics.fandom.com/wiki/Technozen
Techwear,https://aesthetics.fandom.com/wiki/Techwear
Tecktonik,https://aesthetics.fandom.com/wiki/Tecktonik
Teddy Boys,https://aesthetics.fandom.com/wiki/Teddy_Boys
Teenpunk,https://aesthetics.fandom.com/wiki/Teenpunk
Teethcore,https://aesthetics.fandom.com/wiki/Teethcore
Tenniscore,https://aesthetics.fandom.com/wiki/Tenniscore
Teslapunk,https://aesthetics.fandom.com/wiki/Teslapunk
Thai Modern,https://aesthetics.fandom.com/wiki/Thai_Modern
That Girl,https://aesthetics.fandom.com/wiki/That_Girl
Theatre Academia,https://aesthetics.fandom.com/wiki/Theatre_Academia
Thought Daughter,https://aesthetics.fandom.com/wiki/Thought_Daughter
Thrash Metal,https://aesthetics.fandom.com/wiki/Thrash_Metal
Tiki,https://aesthetics.fandom.com/wiki/Tiki
TikTok Preppy,https://aesthetics.fandom.com/wiki/TikTok_Preppy
Tokusatsu,https://aesthetics.fandom.com/wiki/Tokusatsu
Tomato Girl Summer,https://aesthetics.fandom.com/wiki/Tomato_Girl_Summer
Tomboy,https://aesthetics.fandom.com/wiki/Tomboy
Too Cool,https://aesthetics.fandom.com/wiki/Too_Cool
Torero Aesthetic,https://aesthetics.fandom.com/wiki/Torero_Aesthetic
Touge,https://aesthetics.fandom.com/wiki/Touge
Toyism,https://aesthetics.fandom.com/wiki/Toyism
Tradcath Coquette,https://aesthetics.fandom.com/wiki/Tradcath_Coquette
Trad Goth,https://aesthetics.fandom.com/wiki/Trad_Goth
Trailer Park Princess,https://aesthetics.fandom.com/wiki/Trailer_Park_Princess
Tranquil Spa Graphics,https://aesthetics.fandom.com/wiki/Tranquil_Spa_Graphics
Trap Metal,https://aesthetics.fandom.com/wiki/Trap_Metal
Traumacore,https://aesthetics.fandom.com/wiki/Traumacore
Tribal Goth,https://aesthetics.fandom.com/wiki/Tribal_Goth
Trillwave,https://aesthetics.fandom.com/wiki/Trillwave
Trinketcore,https://aesthetics.fandom.com/wiki/Trinketcore
Tropical,https://aesthetics.fandom.com/wiki/Tropical
Trxsh,https://aesthetics.fandom.com/wiki/Trxsh
Tudor,https://aesthetics.fandom.com/wiki/Tudor
Tumbado,https://aesthetics.fandom.com/wiki/Tumbado
Tumbette,https://aesthetics.fandom.com/wiki/Tumbette
Turquerie,https://aesthetics.fandom.com/wiki/Turquerie
Tuscan Rustic,https://aesthetics.fandom.com/wiki/Tuscan_Rustic
Twee,https://aesthetics.fandom.com/wiki/Twee
Tweencore,https://aesthetics.fandom.com/wiki/Tweencore
Twilightcore,https://aesthetics.fandom.com/wiki/Twilightcore
Uchuu Kei,https://aesthetics.fandom.com/wiki/Uchuu_Kei
UK Drill,https://aesthetics.fandom.com/wiki/UK_Drill
UK Garage,https://aesthetics.fandom.com/wiki/UK_Garage
Ukiyo-e,https://aesthetics.fandom.com/wiki/Ukiyo-e
Ultras,https://aesthetics.fandom.com/wiki/Ultras
Ulzzang,https://aesthetics.fandom.com/wiki/Ulzzang
Unicorn Trend,https://aesthetics.fandom.com/wiki/Unicorn_Trend
Uptown Girl,https://aesthetics.fandom.com/wiki/Uptown_Girl
Urbancore,https://aesthetics.fandom.com/wiki/Urbancore
Urban Fantasy,https://aesthetics.fandom.com/wiki/Urban_Fantasy
UrBling,https://aesthetics.fandom.com/wiki/UrBling
Utopian Scholastic,https://aesthetics.fandom.com/wiki/Utopian_Scholastic
Vacation Dadcore,https://aesthetics.fandom.com/wiki/Vacation_Dadcore
Vampire,https://aesthetics.fandom.com/wiki/Vampire
Vanilla Girl,https://aesthetics.fandom.com/wiki/Vanilla_Girl
Vaporgoth,https://aesthetics.fandom.com/wiki/Vaporgoth
Vaporwave,https://aesthetics.fandom.com/wiki/Vaporwave
Vectorflourish,https://aesthetics.fandom.com/wiki/Vectorflourish
Vectorheart,https://aesthetics.fandom.com/wiki/Vectorheart
Venetian Carnival,https://aesthetics.fandom.com/wiki/Venetian_Carnival
Victorian,https://aesthetics.fandom.com/wiki/Victorian
Victorian Goth,https://aesthetics.fandom.com/wiki/Victorian_Goth
Viking Art,https://aesthetics.fandom.com/wiki/Viking_Art
Vintage Americana,https://aesthetics.fandom.com/wiki/Vintage_Americana
Vintage British Sportsman,https://aesthetics.fandom.com/wiki/Vintage_British_Sportsman
Visigothic Art,https://aesthetics.fandom.com/wiki/Visigothic_Art
Visual Kei,https://aesthetics.fandom.com/wiki/Visual_Kei
Vorticism,https://aesthetics.fandom.com/wiki/Vorticism
VSCO Girl,https://aesthetics.fandom.com/wiki/VSCO_Girl
Vulture Culture,https://aesthetics.fandom.com/wiki/Vulture_Culture
Wabi-Sabi,https://aesthetics.fandom.com/wiki/Wabi-Sabi
Waif,https://aesthetics.fandom.com/wiki/Waif
Wa Lolita,https://aesthetics.fandom.com/wiki/Wa_Lolita
Warcore,https://aesthetics.fandom.com/wiki/Warcore
Wartime Austerity,https://aesthetics.fandom.com/wiki/Wartime_Austerity
Webcore,https://aesthetics.fandom.com/wiki/Webcore
Weeaboo,https://aesthetics.fandom.com/wiki/Weeaboo
Weimar Cabaret,https://aesthetics.fandom.com/wiki/Weimar_Cabaret
Weirdcore,https://aesthetics.fandom.com/wiki/Weirdcore
Welwitschia Goth,https://aesthetics.fandom.com/wiki/Welwitschia_Goth
Werewolf,https://aesthetics.fandom.com/wiki/Werewolf
Western,https://aesthetics.fandom.com/wiki/Western
Whimsicraft,https://aesthetics.fandom.com/wiki/Whimsicraft
Whimsigothic,https://aesthetics.fandom.com/wiki/Whimsigothic
Whimsy Twee,https://aesthetics.fandom.com/wiki/Whimsy_Twee
White Goth,https://aesthetics.fandom.com/wiki/White_Goth
Wholesome Meme,https://aesthetics.fandom.com/wiki/Wholesome_Meme
Winter Aesthetic,https://aesthetics.fandom.com/wiki/Winter_Aesthetic
Winter Bimbo,https://aesthetics.fandom.com/wiki/Winter_Bimbo
Wishcore,https://aesthetics.fandom.com/wiki/Wishcore
Witchcore,https://aesthetics.fandom.com/wiki/Witchcore
Witch House,https://aesthetics.fandom.com/wiki/Witch_House
Wixa,https://aesthetics.fandom.com/wiki/Wixa
Wizardcore,https://aesthetics.fandom.com/wiki/Wizardcore
Wonderland,https://aesthetics.fandom.com/wiki/Wonderland
Wonyoungism,https://aesthetics.fandom.com/wiki/Wonyoungism
Wuxia,https://aesthetics.fandom.com/wiki/Wuxia
XO,https://aesthetics.fandom.com/wiki/XO
Xpiritualism,https://aesthetics.fandom.com/wiki/Xpiritualism
Y2K Futurism,https://aesthetics.fandom.com/wiki/Y2K_Futurism
Yabi,https://aesthetics.fandom.com/wiki/Yabi
Yakuza Aesthetic,https://aesthetics.fandom.com/wiki/Yakuza_Aesthetic
Yami Kawaii,https://aesthetics.fandom.com/wiki/Yami_Kawaii
Yandere,https://aesthetics.fandom.com/wiki/Yandere
Yanki,https://aesthetics.fandom.com/wiki/Yanki
Yé-yé,https://aesthetics.fandom.com/wiki/Y%C3%A9-y%C3%A9
Yōkai,https://aesthetics.fandom.com/wiki/Y%C5%8Dkai
Young Poland,https://aesthetics.fandom.com/wiki/Young_Poland
Yugo-Nostalgia,https://aesthetics.fandom.com/wiki/Yugo-Nostalgia
Yume Kawaii,https://aesthetics.fandom.com/wiki/Yume_Kawaii
Yuppie,https://aesthetics.fandom.com/wiki/Yuppie
Zakopane Style,https://aesthetics.fandom.com/wiki/Zakopane_Style
Zazou,https://aesthetics.fandom.com/wiki/Zazou
Zef,https://aesthetics.fandom.com/wiki/Zef
Zenitism,https://aesthetics.fandom.com/wiki/Zenitism
Zombie Apocalypse,https://aesthetics.fandom.com/wiki/Zombie_Apocalypse